FeatureID,LSOA21CD,LSOA21NM,Lower layer Super Output Areas Code,Lower layer Super Output Areas_deprivation,Does not apply_deprivation,Household is deprived in four dimensions,Household is deprived in one dimension,Household is deprived in three dimensions,Household is deprived in two dimensions,Household is not deprived in any dimension,Does not apply_economic,Economically active (excluding full-time students): In employment: Employee: Full-time,Economically active (excluding full-time students): In employment: Employee: Part-time,Economically active (excluding full-time students): In employment: Self-employed with employees: Full-time,Economically active (excluding full-time students): In employment: Self-employed with employees: Part-time,Economically active (excluding full-time students): In employment: Self-employed without employees: Full-time,Economically active (excluding full-time students): In employment: Self-employed without employees: Part-time,Economically active (excluding full-time students): Unemployed: Seeking work or waiting to start a job already obtained: Available to start working within 2 weeks,Economically active and a full-time student: In employment: Employee: Full-time,Economically active and a full-time student: In employment: Employee: Part-time,Economically active and a full-time student: In employment: Self-employed with employees: Full-time,Economically active and a full-time student: In employment: Self-employed with employees: Part-time,Economically active and a full-time student: In employment: Self-employed without employees: Full-time,Economically active and a full-time student: In employment: Self-employed without employees: Part-time,Economically active and a full-time student: Unemployed: Seeking work or waiting to start a job already obtained: Available to start working within 2 weeks,Economically inactive: Long-term sick or disabled,Economically inactive: Looking after home or family,Economically inactive: Other,Economically inactive: Retired,Economically inactive: Student,Apprenticeship,Does not apply,"Level 1 and entry level qualifications: 1 to 4 GCSEs grade A* to C, Any GCSEs at other grades, O levels or CSEs (any grades), 1 AS level, NVQ level 1, Foundation GNVQ, Basic or Essential Skills","Level 2 qualifications: 5 or more GCSEs (A* to C or 9 to 4), O levels (passes), CSEs (grade 1), School Certification, 1 A level, 2 to 3 AS levels, VCEs, Intermediate or Higher Diploma, Welsh Baccalaureate Intermediate Diploma, NVQ level 2, Intermediate GNVQ, City and Guilds Craft, BTEC First or General Diploma, RSA Diploma","Level 3 qualifications: 2 or more A levels or VCEs, 4 or more AS levels, Higher School Certificate, Progression or Advanced Diploma, Welsh Baccalaureate Advance Diploma, NVQ level 3; Advanced GNVQ, City and Guilds Advanced Craft, ONC, OND, BTEC National, RSA Advanced Diploma","Level 4 qualifications or above: degree (BA, BSc), higher degree (MA, PhD, PGCE), NVQ level 4 to 5, HNC, HND, RSA Higher Diploma, BTEC Higher level, professional qualifications (for example, teaching, nursing, accountancy)",No qualifications,"Other: vocational or work-related qualifications, other qualifications achieved in England or Wales, qualifications achieved outside England or Wales (equivalent not stated or unknown)","Asian, Asian British or Asian Welsh: Bangladeshi","Asian, Asian British or Asian Welsh: Chinese","Asian, Asian British or Asian Welsh: Indian","Asian, Asian British or Asian Welsh: Other Asian","Asian, Asian British or Asian Welsh: Pakistani","Black, Black British, Black Welsh, Caribbean or African: African","Black, Black British, Black Welsh, Caribbean or African: Caribbean","Black, Black British, Black Welsh, Caribbean or African: Other Black",Does not apply_ethnicity,Mixed or Multiple ethnic groups: Other Mixed or Multiple ethnic groups,Mixed or Multiple ethnic groups: White and Asian,Mixed or Multiple ethnic groups: White and Black African,Mixed or Multiple ethnic groups: White and Black Caribbean,Other ethnic group: Any other ethnic group,Other ethnic group: Arab,"White: English, Welsh, Scottish, Northern Irish or British",White: Gypsy or Irish Traveller,White: Irish,White: Other White,White: Roma,Female,Male,Population,total_crime,HMO_Count
107,E01000115,Barnet 009A,E01000115,Barnet 009A,0,1,159,6,40,273,223,346,132,36,9,71,66,34,2,7,0,0,2,1,5,22,59,29,276,76,36,223,74,132,177,567,160,26,22,42,183,57,26,18,13,5,0,21,18,7,1,133,7,569,1,37,233,1,704,691,5091.2,2.0,0.0
108,E01000116,Barnet 009B,E01000116,Barnet 009B,0,0,213,12,67,326,384,448,167,31,8,82,65,40,3,25,0,1,0,1,1,26,52,37,283,91,71,384,103,153,196,581,215,42,20,17,129,65,23,47,30,7,0,48,42,8,23,175,12,707,1,63,326,2,910,835,7116.6,6.0,1.0
109,E01000117,Barnet 010A,E01000117,Barnet 010A,0,1,223,17,87,364,335,455,152,22,7,78,89,28,2,9,0,0,1,2,5,44,70,44,333,62,63,335,119,169,195,582,225,48,3,18,95,60,15,30,21,6,0,35,25,3,14,139,13,927,0,51,282,0,905,832,5241.5,7.0,1.0
110,E01000118,Barnet 010B,E01000118,Barnet 010B,0,1,247,11,79,413,405,560,187,26,8,108,84,53,3,23,0,2,0,0,8,39,83,50,313,97,58,405,125,196,247,726,246,46,19,34,151,139,35,66,26,10,0,39,30,17,38,145,13,885,0,72,324,3,1063,986,7187.0,6.0,1.0
111,E01000119,Barnet 009C,E01000119,Barnet 009C,0,0,201,10,67,351,330,457,170,34,12,86,73,37,0,7,0,0,2,3,6,30,83,54,311,99,51,330,114,173,159,706,221,42,50,73,213,83,37,22,16,8,0,40,44,8,5,163,21,594,0,13,397,5,915,878,4511.8,4.0,2.0
112,E01000120,Barnet 009D,E01000120,Barnet 009D,0,0,181,6,49,258,271,405,122,26,7,69,67,57,3,7,0,0,0,2,3,20,64,28,261,81,35,271,89,140,165,575,185,37,14,46,158,52,45,29,25,2,0,37,22,5,7,212,10,465,0,27,332,6,747,748,6099.6,0.0,2.0
113,E01000121,Barnet 010C,E01000121,Barnet 010C,0,2,164,44,134,181,269,318,144,19,8,46,58,62,4,27,1,0,2,2,6,94,95,67,157,99,40,269,140,170,206,407,218,28,4,14,121,103,6,84,38,48,0,47,21,16,37,92,15,616,1,36,174,2,770,707,3924.0,6.0,0.0
114,E01000122,Barnet 009E,E01000122,Barnet 009E,0,0,172,7,49,291,308,387,151,26,9,77,73,30,2,10,0,1,0,1,4,22,56,42,233,83,33,308,83,147,168,590,150,32,48,30,157,45,22,28,25,8,0,35,45,4,17,151,3,524,0,40,324,5,758,753,6404.1,6.0,1.0
115,E01000123,Barnet 010D,E01000123,Barnet 010D,0,0,201,17,74,434,336,525,190,28,8,119,94,44,2,8,0,0,1,1,5,25,60,41,220,56,67,336,115,143,194,687,194,27,21,33,133,77,33,55,39,9,0,45,37,10,19,185,16,680,0,53,314,8,897,865,3341.6,4.0,4.0
116,E01000124,Barnet 010E,E01000124,Barnet 010E,0,4,288,28,126,349,401,436,190,13,8,108,80,63,11,19,0,0,3,3,9,53,151,62,176,82,64,401,123,164,173,650,234,56,7,15,117,103,15,95,34,17,0,106,23,15,39,149,25,610,1,48,442,5,963,904,7301.5,26.0,2.0
117,E01000126,Barnet 026A,E01000126,Barnet 026A,0,7,269,65,154,271,460,548,238,30,6,105,73,111,3,8,1,1,1,2,12,96,144,99,127,209,62,460,172,197,228,718,350,82,9,73,120,215,37,378,51,34,0,48,27,100,17,156,151,449,2,30,379,2,1201,1073,14080.5,6.0,1.0
118,E01000127,Barnet 024B,E01000127,Barnet 024B,0,3,198,44,100,171,361,342,156,23,7,76,65,50,5,16,0,0,0,1,7,59,91,60,149,89,49,361,124,122,153,391,299,58,20,36,138,169,42,209,59,19,0,15,22,24,19,77,40,379,0,52,228,10,827,730,7761.7,6.0,1.0
119,E01000128,Barnet 024C,E01000128,Barnet 024C,0,1,260,29,104,241,443,447,178,27,11,135,83,67,5,17,0,0,4,4,11,60,133,79,188,154,56,443,158,160,186,601,383,63,16,113,134,220,54,332,37,7,0,25,22,23,19,65,54,457,0,58,399,16,1039,1010,8302.3,10.0,3.0
120,E01000129,Barnet 024D,E01000129,Barnet 024D,0,2,269,42,125,136,341,359,148,23,6,95,64,61,5,18,0,0,1,0,8,49,97,60,160,109,50,341,132,147,167,373,330,63,13,41,97,250,25,206,20,29,0,13,16,34,17,118,38,340,1,29,287,27,815,789,9336.4,23.0,4.0
121,E01000130,Barnet 021A,E01000130,Barnet 021A,0,8,251,52,135,212,409,444,235,45,6,105,54,116,5,26,2,1,0,2,17,90,106,58,143,80,63,409,141,160,205,506,379,76,16,74,84,274,29,363,34,29,0,42,14,31,19,82,32,466,6,20,301,24,991,948,11325.9,10.0,2.0
122,E01000131,Barnet 024E,E01000131,Barnet 024E,0,0,267,26,121,299,420,497,168,21,7,136,84,62,14,23,1,1,0,9,6,32,138,83,225,95,50,420,151,134,209,661,344,52,19,160,209,234,55,161,23,28,0,29,33,19,18,150,44,367,1,46,410,10,1036,985,6013.1,12.0,10.0
123,E01000132,Barnet 021B,E01000132,Barnet 021B,0,2,191,44,103,165,409,383,155,10,5,97,58,72,8,14,1,0,4,1,12,56,98,55,91,87,52,409,123,154,172,374,281,52,25,19,104,201,38,188,37,23,0,28,17,27,14,149,65,364,0,34,275,10,851,766,10534.2,6.0,1.0
124,E01000133,Barnet 021C,E01000133,Barnet 021C,0,3,224,42,122,185,369,382,185,7,14,74,55,44,2,13,0,0,1,0,8,79,102,54,152,102,59,369,115,140,150,436,322,54,24,38,114,271,48,167,38,26,0,16,14,19,19,113,36,475,1,33,191,0,859,786,10572.0,6.0,0.0
125,E01000134,Barnet 024F,E01000134,Barnet 024F,0,1,261,32,134,207,406,398,173,28,8,96,73,74,6,15,0,0,3,2,2,42,92,69,162,172,58,406,132,162,181,524,317,45,0,93,144,184,15,272,25,23,0,42,26,51,30,85,48,395,3,30,349,12,944,880,11442.9,4.0,1.0
126,E01000135,Barnet 038A,E01000135,Barnet 038A,0,4,187,15,68,350,312,419,131,34,6,91,93,34,1,1,0,0,0,1,8,47,87,60,256,115,41,312,62,100,145,793,206,42,0,57,139,104,48,34,9,6,0,33,31,6,5,154,43,589,0,14,423,4,854,849,5140.6,10.0,8.0
127,E01000136,Barnet 038B,E01000136,Barnet 038B,0,1,151,8,47,357,314,342,88,37,14,72,100,30,6,8,0,0,0,0,3,44,106,49,195,80,29,314,57,95,119,728,123,21,2,21,110,88,19,53,2,2,0,26,36,7,11,139,18,625,0,4,319,5,801,685,2854.9,2.0,4.0
128,E01000137,Barnet 041A,E01000137,Barnet 041A,0,4,242,42,129,254,411,352,145,15,8,62,81,71,0,14,0,0,6,4,8,75,115,54,148,88,37,411,110,116,150,556,230,49,17,18,57,169,18,247,41,23,0,63,19,25,25,152,61,380,0,20,313,8,916,742,13479.7,7.0,3.0
129,E01000138,Barnet 040A,E01000138,Barnet 040A,0,8,220,46,100,281,286,354,148,29,15,88,104,54,5,14,0,0,0,1,11,59,78,90,192,87,51,286,91,124,155,592,264,54,24,22,116,177,43,58,15,9,0,30,29,33,15,147,100,407,0,32,350,10,825,793,6187.4,20.0,14.0
130,E01000139,Barnet 041B,E01000139,Barnet 041B,0,2,160,13,61,306,239,382,104,25,7,103,79,46,3,10,0,0,0,8,9,27,71,45,165,66,33,239,40,83,125,675,156,37,1,13,97,66,33,58,9,5,0,10,20,10,2,124,44,515,0,34,343,4,703,685,3954.4,5.0,14.0
131,E01000140,Barnet 041C,E01000140,Barnet 041C,0,3,259,25,95,485,331,609,172,29,5,85,112,49,8,11,0,0,1,4,5,47,118,69,160,143,55,331,70,130,190,937,201,41,12,38,174,89,21,118,25,9,0,39,39,12,21,139,39,658,0,31,485,9,1026,931,13422.5,8.0,19.0
132,E01000141,Barnet 039A,E01000141,Barnet 039A,0,7,289,61,137,294,298,530,190,17,10,106,108,88,13,22,0,0,2,2,19,57,80,86,137,101,34,298,125,127,212,696,313,59,18,54,61,225,37,122,42,41,0,50,32,25,31,141,80,389,1,77,394,42,958,906,5029.7,57.0,24.0
133,E01000142,Barnet 040B,E01000142,Barnet 040B,0,8,333,37,133,382,429,550,203,23,13,116,132,89,11,14,0,1,1,8,19,66,125,91,232,111,78,429,129,159,229,836,301,75,18,37,104,204,53,151,51,12,0,68,29,33,10,167,156,549,0,85,490,18,1167,1069,11208.0,7.0,6.0
134,E01000143,Barnet 041D,E01000143,Barnet 041D,0,6,246,41,108,278,358,415,177,11,9,53,54,58,4,22,0,0,0,4,27,66,88,58,119,148,45,358,104,153,182,527,238,63,48,20,58,103,26,253,54,19,0,50,20,31,23,65,96,476,1,63,262,2,817,854,9575.9,27.0,8.0
135,E01000144,Barnet 038C,E01000144,Barnet 038C,0,29,280,31,79,324,311,434,152,18,12,86,83,63,10,16,0,1,0,4,6,53,74,79,133,125,37,311,62,103,152,740,207,46,3,27,91,237,24,76,7,6,0,27,24,7,3,187,28,413,1,4,479,16,832,828,8379.6,54.0,14.0
136,E01000145,Barnet 037A,E01000145,Barnet 037A,0,6,147,30,58,248,433,319,158,29,8,55,66,32,3,11,0,1,1,0,18,63,81,39,179,117,32,433,99,141,188,517,174,35,13,20,97,64,23,55,1,4,0,31,21,4,0,197,27,663,0,12,379,4,826,789,7798.2,12.0,8.0
137,E01000146,Barnet 038D,E01000146,Barnet 038D,0,8,304,47,120,390,283,580,164,24,13,92,113,57,12,18,0,0,3,2,8,61,90,71,161,116,42,283,88,118,158,933,194,56,14,63,81,164,17,51,9,7,0,30,31,20,6,172,54,567,0,24,547,17,948,924,9061.0,45.0,27.0
138,E01000147,Barnet 043F,E01000147,Barnet 043F,0,2,205,13,76,264,303,445,161,44,9,188,80,43,7,27,0,0,2,5,8,28,126,68,252,116,44,303,131,165,212,607,394,56,4,113,288,292,117,50,27,9,0,17,16,2,12,157,51,229,4,46,465,17,937,976,9456.3,4.0,4.0
139,E01000150,Barnet 036A,E01000150,Barnet 036A,0,3,298,23,105,346,466,578,222,30,9,155,96,75,9,31,0,1,2,3,9,42,94,45,262,126,58,466,137,206,244,769,324,52,8,60,325,249,67,174,53,37,0,61,27,26,27,120,82,370,0,74,478,18,1135,1120,4852.6,29.0,2.0
140,E01000151,Barnet 026B,E01000151,Barnet 026B,0,5,260,62,169,160,515,251,160,8,12,65,61,69,14,16,0,1,0,2,9,116,111,59,79,174,33,515,107,142,199,367,313,44,24,15,49,209,24,408,39,46,0,30,11,53,27,104,81,343,33,25,200,3,883,838,12102.7,16.0,1.0
141,E01000152,Barnet 026C,E01000152,Barnet 026C,0,5,297,37,132,457,712,790,259,22,11,108,80,79,9,23,0,1,1,15,30,51,156,66,114,162,52,712,142,173,252,1000,297,65,17,69,266,275,128,513,57,60,0,42,29,43,18,215,85,474,0,24,363,9,1391,1302,14564.6,6.0,0.0
142,E01000153,Barnet 026D,E01000153,Barnet 026D,0,11,266,58,127,280,440,414,215,8,10,79,75,64,8,14,0,0,3,2,13,93,124,53,167,147,56,440,140,186,195,569,282,61,14,63,73,198,40,378,43,29,0,58,24,34,30,102,36,516,0,21,267,2,1015,914,11690.9,10.0,0.0
143,E01000154,Barnet 026E,E01000154,Barnet 026E,0,4,248,48,129,277,385,504,150,18,12,85,80,118,16,22,1,1,3,4,12,75,93,64,157,117,50,385,100,126,207,704,295,47,27,102,79,191,40,397,31,27,0,49,16,29,22,154,64,322,0,14,337,13,1008,907,14216.8,29.0,0.0
144,E01000156,Barnet 022A,E01000156,Barnet 022A,0,0,229,16,87,415,495,542,146,47,12,141,111,67,5,3,0,0,0,2,3,28,73,47,185,120,29,495,65,150,190,869,179,49,21,41,50,72,14,62,22,22,0,68,45,17,26,84,27,885,0,61,499,10,1062,964,11255.6,10.0,1.0
145,E01000157,Barnet 022B,E01000157,Barnet 022B,0,3,218,14,89,344,364,436,141,17,9,81,106,59,4,12,0,0,1,1,4,30,70,30,152,62,30,364,78,108,178,639,146,39,17,17,30,49,12,72,20,13,0,47,29,28,19,72,10,752,0,52,334,9,806,776,12565.5,2.0,0.0
146,E01000158,Barnet 015A,E01000158,Barnet 015A,0,2,175,20,69,281,302,398,142,22,8,76,79,33,2,12,1,0,0,2,13,54,61,31,175,52,45,302,80,120,139,587,164,29,11,20,135,60,16,80,26,11,0,37,20,18,28,75,13,602,3,49,253,6,773,691,5414.2,6.0,5.0
147,E01000159,Barnet 015B,E01000159,Barnet 015B,0,1,203,24,81,341,319,444,179,28,11,102,95,40,2,19,0,0,1,4,4,57,68,49,261,104,51,319,93,154,182,700,247,39,11,29,176,45,16,92,24,10,0,43,18,22,14,136,3,773,0,60,308,6,906,880,3620.5,8.0,0.0
148,E01000160,Barnet 015C,E01000160,Barnet 015C,0,1,238,19,75,467,377,592,174,29,10,120,106,54,4,19,0,1,0,5,7,32,105,58,155,107,33,377,92,143,185,883,209,29,11,63,142,95,30,89,38,21,0,62,35,16,21,144,17,640,3,18,490,18,985,970,6462.8,37.0,5.0
149,E01000161,Barnet 015D,E01000161,Barnet 015D,0,4,265,21,117,399,407,486,170,26,1,126,95,54,9,16,0,0,0,4,1,70,110,84,256,117,43,407,119,176,175,765,285,64,38,37,182,137,32,66,55,17,0,46,37,26,32,127,54,671,0,49,428,0,1072,962,8387.6,17.0,3.0
150,E01000162,Barnet 015E,E01000162,Barnet 015E,0,2,185,14,100,250,289,322,156,16,13,83,89,48,3,13,1,0,1,4,7,66,70,69,309,91,50,289,107,134,167,583,271,49,13,30,195,69,11,115,22,19,0,47,36,10,19,131,1,602,5,50,269,4,866,783,9045.5,16.0,4.0
151,E01000163,Barnet 022C,E01000163,Barnet 022C,0,7,256,75,147,311,360,396,158,15,9,102,55,83,8,21,0,0,3,3,10,120,84,74,122,73,65,360,111,148,194,527,248,40,13,15,49,80,17,131,59,32,0,43,25,30,55,114,18,551,0,41,411,6,920,773,8834.9,17.0,0.0
152,E01000164,Barnet 022D,E01000164,Barnet 022D,0,2,237,35,116,257,370,419,159,19,7,67,73,70,7,18,0,0,0,0,12,63,98,62,150,114,60,370,120,141,185,536,252,49,28,13,75,100,22,142,33,45,0,41,37,17,35,129,28,596,0,27,336,10,871,842,3129.2,19.0,3.0
153,E01000165,Barnet 022E,E01000165,Barnet 022E,0,1,229,10,87,379,345,436,173,25,8,86,87,49,10,14,1,1,1,0,5,42,90,47,271,116,36,345,100,145,190,700,233,65,5,105,169,122,51,114,25,17,0,49,46,14,23,175,26,508,0,38,316,8,960,852,9784.0,11.0,1.0
154,E01000166,Barnet 003A,E01000166,Barnet 003A,0,3,200,16,91,343,316,410,140,22,8,63,59,50,1,10,0,0,1,1,6,47,86,62,275,62,49,316,105,160,190,529,224,45,4,25,64,95,15,66,13,7,0,29,18,16,38,129,16,779,3,30,274,0,828,792,4381.9,4.0,1.0
155,E01000167,Barnet 002A,E01000167,Barnet 002A,0,3,178,26,101,214,289,378,132,18,7,62,57,47,4,6,0,0,0,0,8,54,72,35,148,69,41,289,105,130,160,393,243,27,16,10,41,72,16,51,20,13,0,29,14,9,25,80,18,760,4,37,170,4,713,676,2308.1,3.0,0.0
156,E01000168,Barnet 003B,E01000168,Barnet 003B,0,0,171,4,57,324,236,368,150,37,7,70,58,28,0,6,0,0,0,2,5,27,62,43,335,78,36,236,88,148,175,613,186,34,29,31,127,56,17,25,6,3,0,30,31,2,3,189,6,684,0,17,258,3,772,744,4829.6,5.0,3.0
157,E01000169,Barnet 003C,E01000169,Barnet 003C,0,3,201,22,99,370,322,480,139,16,6,77,96,46,2,10,0,0,0,0,2,50,61,49,215,58,52,322,79,160,182,635,183,19,1,7,51,67,8,68,20,16,0,38,18,17,16,81,11,931,5,41,233,6,851,780,6838.6,5.0,4.0
158,E01000170,Barnet 006A,E01000170,Barnet 006A,0,2,229,32,104,332,394,480,213,34,8,72,77,66,3,17,0,1,0,2,12,52,88,56,210,122,95,394,125,197,210,562,274,50,5,42,99,62,9,92,47,24,0,56,35,25,54,106,26,906,0,32,282,0,1001,906,6428.3,9.0,4.0
159,E01000171,Barnet 006B,E01000171,Barnet 006B,0,5,333,64,155,441,558,540,206,27,11,118,121,109,7,23,2,0,11,1,11,60,159,103,144,83,75,558,145,196,228,747,278,64,16,26,59,114,14,129,41,28,0,70,31,34,56,238,19,856,20,50,467,22,1173,1118,6873.9,20.0,0.0
160,E01000172,Barnet 003D,E01000172,Barnet 003D,0,1,172,7,72,355,367,401,132,19,8,76,84,34,4,8,0,0,0,2,3,25,96,36,258,137,39,367,85,147,194,657,165,39,8,22,112,49,23,24,14,6,0,34,25,8,11,109,4,904,0,23,312,1,873,817,3107.8,1.0,1.0
161,E01000173,Barnet 006C,E01000173,Barnet 006C,0,1,183,12,61,351,389,474,171,21,9,60,64,42,6,10,0,0,2,2,5,27,58,35,219,95,53,389,111,156,181,619,155,28,3,27,70,87,40,92,22,12,0,41,38,19,19,90,13,838,0,41,231,6,862,828,4621.3,5.0,0.0
162,E01000174,Barnet 006D,E01000174,Barnet 006D,0,6,263,33,121,338,378,456,157,16,6,82,80,51,3,8,0,0,1,1,9,39,77,82,228,84,75,378,124,145,193,549,241,55,12,31,63,95,12,40,26,19,0,51,23,23,36,116,14,900,0,43,257,3,911,848,9336.5,3.0,3.0
163,E01000175,Barnet 006E,E01000175,Barnet 006E,0,0,180,11,61,388,521,501,254,24,5,115,111,51,1,8,0,0,2,1,9,18,54,25,268,62,54,521,148,152,204,734,173,45,11,30,133,70,11,29,11,10,0,50,33,9,21,204,8,1120,1,58,220,0,980,1051,4055.5,9.0,0.0
164,E01000176,Barnet 027A,E01000176,Barnet 027A,0,4,232,64,176,243,244,430,156,18,5,53,65,105,4,8,0,0,2,0,6,78,66,48,313,122,60,244,96,176,177,602,320,46,19,23,124,43,20,140,43,13,0,49,21,15,38,94,16,796,0,82,183,3,841,881,7834.4,7.0,0.0
165,E01000177,Barnet 029A,E01000177,Barnet 029A,0,0,230,6,48,405,385,491,131,15,6,106,103,44,6,7,0,0,1,0,5,16,52,41,190,64,21,385,46,101,125,844,114,29,21,12,60,50,29,23,12,4,0,38,27,11,26,57,7,884,0,58,335,6,865,798,9840.2,8.0,3.0
166,E01000178,Barnet 027B,E01000178,Barnet 027B,0,0,233,17,72,356,363,451,149,18,2,81,100,47,1,7,0,0,0,1,3,29,67,41,212,100,26,363,66,120,134,804,130,29,9,16,74,51,14,55,7,17,0,40,29,19,12,102,13,838,1,57,311,5,887,786,4005.3,15.0,5.0
167,E01000179,Barnet 029B,E01000179,Barnet 029B,0,0,256,8,69,438,387,635,137,21,7,94,109,38,7,6,1,0,3,1,4,24,54,47,135,81,35,387,61,103,154,910,106,33,7,37,77,69,16,47,26,3,0,40,39,18,14,87,25,747,0,50,483,3,966,823,12475.6,6.0,10.0
168,E01000180,Barnet 029C,E01000180,Barnet 029C,0,0,236,24,91,319,314,445,144,10,6,74,58,47,7,11,0,0,2,0,15,32,65,52,253,80,46,314,66,114,142,697,194,46,8,37,96,65,10,114,12,9,0,44,27,26,13,102,27,660,0,30,333,4,871,745,9466.9,16.0,6.0
169,E01000181,Barnet 029D,E01000181,Barnet 029D,0,1,222,6,47,410,287,594,139,20,6,91,96,43,6,10,0,0,0,2,5,18,56,40,212,62,24,287,40,93,149,968,118,11,6,26,79,54,24,15,10,6,0,43,40,8,15,115,5,797,0,76,367,4,882,806,11787.7,24.0,9.0
170,E01000182,Barnet 029E,E01000182,Barnet 029E,0,2,240,15,62,413,263,523,119,16,2,92,103,49,7,17,0,1,1,1,5,25,36,35,247,73,22,263,47,117,116,928,103,21,6,23,100,40,9,14,10,7,0,25,55,5,12,89,3,790,0,35,378,14,848,771,7385.9,16.0,5.0
171,E01000183,Barnet 033A,E01000183,Barnet 033A,0,0,187,14,81,321,320,384,96,20,10,73,79,44,2,6,0,0,0,2,4,46,72,28,275,63,38,320,52,97,122,716,143,35,9,23,81,41,14,23,11,5,0,41,28,15,7,152,20,679,0,49,315,8,823,699,6580.2,7.0,2.0
172,E01000184,Barnet 027C,E01000184,Barnet 027C,0,3,276,45,120,266,358,472,131,20,8,89,72,74,1,23,0,0,0,2,41,68,95,65,170,179,41,358,147,152,221,649,260,46,50,17,106,150,12,222,28,24,0,35,34,20,41,174,34,545,1,46,332,4,953,920,2730.3,14.0,2.0
173,E01000185,Barnet 029F,E01000185,Barnet 029F,0,6,226,58,141,214,241,350,135,18,3,56,49,88,2,16,0,3,0,1,13,113,78,71,136,96,56,241,112,122,172,535,195,40,42,27,137,91,14,207,43,27,0,67,20,17,13,108,26,386,1,19,226,3,768,706,11925.6,8.0,6.0
174,E01000186,Barnet 014A,E01000186,Barnet 014A,0,0,178,3,33,295,459,357,230,28,7,122,79,37,2,9,0,0,2,5,2,12,53,35,236,92,38,459,121,154,173,625,145,57,3,14,261,52,0,24,4,4,0,12,12,4,2,173,15,899,0,8,287,0,916,855,6947.8,5.0,0.0
175,E01000187,Barnet 014B,E01000187,Barnet 014B,0,2,198,18,81,295,484,319,189,24,8,77,79,42,2,7,0,1,0,1,10,20,70,50,275,80,37,484,93,167,193,516,210,39,11,10,165,52,12,90,18,12,0,19,11,9,6,153,34,865,0,16,241,12,900,837,8052.9,7.0,1.0
176,E01000188,Barnet 014C,E01000188,Barnet 014C,0,1,165,5,57,281,373,312,158,48,16,87,93,22,2,9,0,0,0,2,9,24,70,26,239,89,27,373,68,162,153,613,146,34,10,26,299,55,16,54,6,2,0,10,15,0,7,159,31,714,0,15,161,0,812,766,494.8,21.0,0.0
177,E01000189,Barnet 014D,E01000189,Barnet 014D,0,1,295,37,142,507,570,782,214,28,5,97,79,96,11,15,1,2,0,7,18,78,139,94,106,121,56,570,123,160,212,1016,283,49,18,68,363,233,75,267,79,39,0,77,38,33,38,173,59,527,0,18,366,4,1306,1163,15240.7,8.0,0.0
178,E01000190,Barnet 014E,E01000190,Barnet 014E,0,1,177,12,77,304,384,400,163,28,10,107,74,50,4,6,0,0,0,0,8,30,66,38,260,101,41,384,97,140,158,681,191,39,0,28,244,100,35,71,28,12,0,13,25,8,6,150,51,726,0,6,225,3,891,840,6974.2,3.0,1.0
179,E01000191,Barnet 014F,E01000191,Barnet 014F,0,2,172,6,87,289,353,295,167,32,5,72,72,32,7,10,0,0,2,7,5,32,62,33,280,83,41,353,94,119,110,590,194,48,7,14,240,56,33,49,2,13,0,22,13,2,1,126,23,687,0,11,246,0,762,787,6091.2,5.0,1.0
180,E01000192,Barnet 018A,E01000192,Barnet 018A,0,9,266,14,106,311,450,386,242,44,17,136,100,44,3,14,0,0,3,5,0,44,80,59,280,89,38,450,139,153,185,705,261,67,0,38,221,104,21,98,8,16,0,29,14,15,7,159,39,811,0,16,390,12,1037,960,7031.7,33.0,6.0
181,E01000193,Barnet 018B,E01000193,Barnet 018B,0,6,253,18,125,309,360,404,214,37,12,141,109,71,6,31,0,0,3,3,3,48,98,72,229,105,47,360,120,159,193,711,297,60,13,51,239,103,57,72,21,14,0,28,11,12,13,142,75,626,0,14,443,13,1009,939,6410.0,37.0,6.0
182,E01000194,Barnet 018C,E01000194,Barnet 018C,0,3,258,34,109,303,455,408,183,18,11,115,82,62,2,27,0,0,2,3,14,37,116,83,190,99,45,455,113,153,184,597,303,56,32,58,204,191,82,139,54,12,0,22,28,6,9,152,44,424,0,31,406,9,1000,906,5734.1,15.0,8.0
183,E01000195,Barnet 013A,E01000195,Barnet 013A,0,0,266,55,137,261,502,403,189,19,5,145,81,58,18,24,0,0,1,1,14,80,109,78,174,115,68,502,139,179,216,510,353,52,17,15,122,113,31,298,30,38,0,25,20,28,28,87,57,650,0,26,420,12,996,1023,6405.5,17.0,0.0
184,E01000196,Barnet 028A,E01000196,Barnet 028A,0,10,377,59,172,473,303,585,169,28,26,135,127,146,14,13,0,0,3,3,3,57,77,99,261,75,57,303,90,133,181,1011,281,68,3,46,154,224,29,131,27,7,0,39,26,34,10,146,14,616,3,47,551,12,1084,1040,8641.2,30.0,12.0
185,E01000197,Barnet 023A,E01000197,Barnet 023A,0,0,264,20,90,357,358,557,158,24,10,115,119,65,10,11,0,2,2,4,5,25,54,67,203,64,56,358,85,126,150,826,201,50,18,31,225,112,19,43,9,4,0,46,34,8,14,136,10,624,1,37,473,6,967,884,6682.3,17.0,12.0
186,E01000198,Barnet 025A,E01000198,Barnet 025A,0,3,231,21,78,446,578,461,190,44,6,111,133,57,6,18,1,1,3,2,2,37,113,72,237,121,42,578,104,157,215,865,190,44,3,12,102,122,26,98,21,11,0,46,14,15,10,333,30,846,1,8,484,9,1134,1059,6659.6,16.0,3.0
187,E01000199,Barnet 025B,E01000199,Barnet 025B,0,1,214,12,56,375,292,343,133,35,6,88,79,36,2,12,0,0,2,1,3,18,77,49,315,88,32,292,62,118,153,736,156,31,0,6,111,68,17,22,1,0,0,24,24,3,5,239,23,742,0,15,275,5,841,739,4673.2,4.0,3.0
188,E01000200,Barnet 028B,E01000200,Barnet 028B,0,1,290,13,118,453,360,461,137,43,11,83,118,46,4,11,1,0,0,4,5,30,100,60,414,89,41,360,90,127,154,927,225,54,1,14,105,145,10,67,12,9,0,36,27,5,9,222,24,860,0,13,416,4,1078,900,7115.1,13.0,5.0
189,E01000201,Barnet 028C,E01000201,Barnet 028C,0,1,146,6,34,340,314,317,125,52,11,99,96,23,0,3,0,0,0,0,2,14,115,42,231,102,17,314,66,134,135,688,150,39,5,18,123,121,18,45,4,1,0,17,11,13,5,227,8,674,0,16,235,0,775,766,3913.2,6.0,1.0
190,E01000202,Barnet 028D,E01000202,Barnet 028D,0,2,202,6,57,348,319,436,137,34,10,92,134,42,4,13,0,0,1,1,5,17,64,47,220,97,27,319,54,110,180,815,141,27,14,16,97,43,21,31,10,6,0,36,32,9,16,194,14,692,0,28,409,5,863,811,7402.7,4.0,9.0
191,E01000203,Barnet 028E,E01000203,Barnet 028E,0,13,215,47,92,317,372,384,144,32,13,94,104,117,6,15,0,0,1,3,11,42,131,66,199,106,43,372,94,154,141,719,278,43,22,36,177,127,24,128,13,17,0,29,35,19,9,184,42,626,1,23,326,8,1006,838,6040.0,18.0,15.0
192,E01000204,Barnet 025C,E01000204,Barnet 025C,0,5,222,20,73,372,308,436,163,29,8,90,94,46,4,23,1,0,2,4,2,36,57,44,283,75,36,308,67,128,149,830,149,34,5,38,126,60,21,48,14,7,0,33,38,11,6,164,14,783,0,33,294,9,904,799,5374.4,16.0,2.0
193,E01000205,Barnet 035A,E01000205,Barnet 035A,0,1,153,4,26,419,342,385,116,29,7,105,93,22,0,9,0,0,0,2,4,12,74,27,215,65,16,342,64,87,109,771,96,21,2,10,72,60,27,44,10,6,0,23,28,8,16,151,3,729,0,15,303,3,822,684,3959.0,7.0,0.0
194,E01000206,Barnet 033B,E01000206,Barnet 033B,0,0,119,2,16,386,266,342,124,48,19,61,86,14,2,4,0,0,0,1,7,3,146,57,210,111,25,266,52,112,141,734,146,25,10,20,106,64,27,46,1,3,0,21,14,8,7,142,13,719,0,12,286,5,785,716,1136.1,2.0,0.0
195,E01000207,Barnet 033C,E01000207,Barnet 033C,0,2,186,7,64,387,324,326,102,51,10,88,83,31,1,0,1,0,0,1,3,20,109,42,304,80,21,324,63,91,132,818,101,28,0,15,33,73,23,29,7,4,0,22,38,4,11,178,17,765,1,22,335,1,853,726,4554.4,14.0,7.0
196,E01000208,Barnet 033D,E01000208,Barnet 033D,0,1,181,6,31,416,322,455,131,37,11,99,107,28,4,5,0,0,0,3,3,13,73,29,233,79,24,322,52,93,123,898,92,23,5,46,92,67,44,33,7,2,0,38,30,4,10,179,17,680,0,6,361,8,876,754,4003.4,30.0,2.0
197,E01000209,Barnet 035B,E01000209,Barnet 035B,0,1,216,12,71,443,245,332,102,28,7,65,105,25,2,6,1,0,0,1,5,16,49,30,413,52,19,245,48,102,134,802,107,27,3,24,39,22,6,12,9,1,0,30,17,6,5,101,2,838,0,49,319,0,825,658,3694.6,9.0,0.0
198,E01000210,Barnet 033E,E01000210,Barnet 033E,0,1,151,5,34,394,377,418,130,32,6,76,100,32,1,11,0,0,1,2,7,10,66,47,161,72,11,377,30,116,110,802,78,25,7,20,70,34,27,16,14,6,0,35,18,10,9,175,7,696,0,2,401,0,815,733,3119.1,3.0,2.0
199,E01000211,Barnet 035C,E01000211,Barnet 035C,0,7,340,50,169,359,404,555,201,27,5,102,102,71,7,23,0,1,0,2,6,80,107,99,199,131,51,404,111,166,178,874,278,65,36,15,96,292,12,111,21,16,0,55,30,22,25,188,78,557,0,25,518,32,1129,999,7760.8,22.0,17.0
200,E01000212,Barnet 035D,E01000212,Barnet 035D,0,3,170,10,54,315,230,324,133,41,8,67,94,25,2,5,0,0,0,4,2,17,85,38,204,69,28,230,57,93,91,709,110,29,0,13,74,92,26,35,7,2,0,10,20,7,1,101,21,583,0,12,341,2,685,664,3872.9,12.0,4.0
201,E01000213,Barnet 033F,E01000213,Barnet 033F,0,2,112,4,26,308,320,292,99,45,9,72,88,27,1,5,0,0,0,1,3,13,90,40,139,105,13,320,42,121,106,666,69,12,1,6,26,25,18,15,8,1,0,24,21,8,1,154,9,752,0,15,269,0,697,654,3180.3,4.0,0.0
202,E01000214,Barnet 038E,E01000214,Barnet 038E,0,1,232,8,62,468,238,514,119,29,8,114,108,37,3,8,1,1,0,4,9,20,81,47,174,112,6,238,47,84,126,983,115,29,3,54,86,101,13,21,5,1,0,30,34,8,9,135,16,669,0,18,414,9,851,776,4911.0,22.0,4.0
203,E01000215,Barnet 037B,E01000215,Barnet 037B,0,6,246,29,103,323,716,298,304,23,12,63,75,34,3,14,0,1,0,3,3,40,136,63,220,137,30,716,135,234,198,542,243,45,1,20,66,69,19,44,13,7,0,28,6,24,4,324,66,1067,0,9,375,3,1092,1055,9808.0,3.0,9.0
204,E01000216,Barnet 035E,E01000216,Barnet 035E,0,5,246,34,67,370,508,426,214,27,12,74,86,46,1,19,0,1,0,0,12,48,99,53,178,173,30,508,94,153,197,778,176,42,9,37,104,78,48,39,3,7,0,49,24,11,7,200,15,806,0,18,457,64,1051,927,10143.6,8.0,10.0
205,E01000217,Barnet 035F,E01000217,Barnet 035F,0,1,162,14,67,309,540,340,236,28,16,86,78,35,3,12,0,1,0,0,3,28,108,41,141,93,35,540,85,179,178,516,205,46,7,10,45,31,9,42,7,11,0,9,4,2,2,216,23,950,0,14,398,7,927,858,8317.8,10.0,9.0
206,E01000218,Barnet 037C,E01000218,Barnet 037C,0,10,194,18,83,279,544,305,255,26,9,59,97,30,2,20,0,0,0,8,4,63,98,52,142,129,32,544,95,211,186,506,226,42,5,12,77,66,0,50,3,1,0,14,10,4,4,233,21,901,0,12,427,5,946,898,12155.6,14.0,18.0
207,E01000219,Barnet 037D,E01000219,Barnet 037D,0,15,235,38,98,272,723,402,344,24,14,71,86,46,9,25,0,0,0,3,1,62,78,63,150,96,35,723,125,221,178,550,295,68,6,20,183,171,31,46,10,10,0,30,16,3,13,215,13,804,0,11,608,10,1046,1150,11485.4,13.0,26.0
208,E01000220,Barnet 037E,E01000220,Barnet 037E,0,4,229,26,119,302,514,300,266,17,6,61,98,46,8,17,0,0,2,1,6,62,90,62,247,86,36,514,119,192,163,536,265,64,8,49,55,72,13,51,8,2,0,34,13,3,6,194,33,871,2,4,458,8,915,973,12309.2,1.0,16.0
209,E01000221,Barnet 039B,E01000221,Barnet 039B,0,5,195,50,137,141,367,240,121,8,7,47,46,66,6,20,0,0,1,2,16,86,101,103,92,85,41,367,106,115,144,350,257,33,28,16,41,91,31,250,34,43,0,85,18,39,24,109,113,283,0,16,185,6,745,667,3348.4,34.0,3.0
210,E01000222,Barnet 040C,E01000222,Barnet 040C,0,11,255,38,91,335,419,422,192,30,11,88,107,62,14,22,0,1,0,2,19,72,119,135,176,147,53,419,126,177,227,699,280,58,24,70,74,153,75,147,16,21,0,37,53,40,25,196,240,394,0,57,401,15,1065,973,4899.0,10.0,12.0
211,E01000223,Barnet 039C,E01000223,Barnet 039C,0,8,283,45,128,282,501,417,192,24,12,87,98,87,4,20,1,2,1,2,10,75,142,92,143,124,56,501,113,137,185,604,377,59,13,25,73,185,32,226,46,16,0,40,22,31,22,158,258,418,9,62,379,20,1034,998,3731.9,33.0,7.0
212,E01000224,Barnet 040D,E01000224,Barnet 040D,0,2,203,14,99,239,367,315,133,20,17,97,98,57,5,17,0,0,4,3,8,41,129,75,194,110,44,367,98,118,155,571,282,55,28,42,79,162,60,185,14,17,0,35,23,11,9,173,201,299,0,38,306,9,871,821,10542.1,5.0,8.0
213,E01000225,Barnet 037F,E01000225,Barnet 037F,0,5,196,24,83,270,630,249,206,47,13,75,82,36,8,14,0,0,0,3,2,27,115,47,196,122,32,630,92,187,178,526,181,43,8,19,34,29,14,25,7,4,0,9,9,1,2,286,4,967,0,20,426,2,925,945,6020.6,11.0,5.0
214,E01000226,Barnet 018D,E01000226,Barnet 018D,0,2,212,37,124,227,366,398,166,17,9,98,58,68,7,29,0,0,3,4,14,59,108,58,167,108,56,366,130,147,228,453,299,54,17,30,109,199,31,216,36,24,0,38,21,25,19,105,72,469,3,43,273,5,914,821,10028.9,8.0,5.0
215,E01000227,Barnet 018E,E01000227,Barnet 018E,0,0,172,10,58,359,374,474,187,30,7,116,81,35,8,15,0,0,1,4,6,21,69,49,297,93,49,374,108,161,170,693,274,39,24,68,224,120,40,77,12,11,0,21,21,2,5,172,15,706,2,20,324,6,940,929,7306.5,12.0,1.0
216,E01000228,Barnet 007A,E01000228,Barnet 007A,0,2,137,12,51,257,302,347,129,33,9,95,80,28,4,5,0,0,0,1,4,31,66,52,151,100,42,302,79,128,162,534,158,31,1,53,150,129,63,87,12,7,0,19,16,12,10,94,33,566,0,18,168,0,752,684,497.6,6.0,1.0
217,E01000229,Barnet 013B,E01000229,Barnet 013B,0,0,206,33,85,259,380,416,158,16,7,103,64,43,4,10,0,0,3,3,4,62,75,52,188,81,49,380,123,136,187,509,241,45,13,23,96,119,33,168,39,16,0,31,11,30,9,115,22,604,0,20,307,11,852,818,5968.5,7.0,0.0
218,E01000230,Barnet 013C,E01000230,Barnet 013C,0,1,255,12,69,322,527,390,219,23,6,83,95,41,5,7,0,0,0,1,0,31,71,48,334,79,45,527,111,169,186,641,232,48,13,39,158,67,35,48,4,3,0,23,13,4,6,205,24,1023,0,18,278,0,1002,957,7212.8,13.0,3.0
219,E01000231,Barnet 013D,E01000231,Barnet 013D,0,2,214,20,80,303,385,463,169,33,9,88,80,48,7,27,0,0,5,0,1,44,84,54,184,108,44,385,106,150,190,666,193,55,28,62,256,155,82,184,31,26,0,48,41,21,28,112,21,415,0,25,252,1,940,849,4895.9,11.0,0.0
220,E01000232,Barnet 013E,E01000232,Barnet 013E,0,2,216,14,91,381,384,466,148,31,11,94,100,32,5,10,0,0,3,2,10,57,87,58,293,79,46,384,95,167,181,743,197,54,44,36,270,80,30,85,46,14,0,23,24,6,12,141,36,682,0,26,306,10,952,919,6270.1,7.0,1.0
221,E01000233,Barnet 013F,E01000233,Barnet 013F,0,2,206,12,64,374,418,524,193,33,7,109,110,46,3,19,0,1,1,3,3,24,59,51,248,86,40,418,96,136,207,785,218,40,13,74,202,105,86,97,27,11,0,23,24,20,15,120,20,704,0,26,364,9,1006,932,7321.5,9.0,1.0
222,E01000234,Barnet 021D,E01000234,Barnet 021D,0,0,207,9,67,393,420,483,164,40,11,112,92,39,6,10,0,0,0,1,2,18,75,35,206,66,43,420,87,119,143,776,164,29,4,5,128,79,28,82,18,9,0,36,19,24,17,150,20,782,1,43,330,6,938,843,6445.9,6.0,0.0
223,E01000235,Barnet 021E,E01000235,Barnet 021E,0,2,252,25,113,265,362,451,184,25,12,94,70,52,16,26,3,0,1,3,14,60,93,84,165,144,50,362,133,147,205,658,253,55,12,106,74,143,33,220,34,35,0,38,30,44,19,121,27,548,4,33,338,4,958,904,5307.9,21.0,2.0
224,E01000236,Barnet 034A,E01000236,Barnet 034A,0,2,208,22,85,382,554,370,203,46,11,94,77,43,7,25,0,0,2,3,3,46,113,74,140,140,41,554,77,170,230,629,209,46,2,11,38,61,4,54,10,5,0,17,5,10,1,224,11,991,0,40,463,6,995,955,8509.2,5.0,7.0
225,E01000237,Barnet 032A,E01000237,Barnet 032A,0,1,267,17,91,348,446,533,163,44,14,126,106,89,16,41,4,0,18,8,10,27,97,69,130,161,58,446,94,141,257,810,230,63,4,27,67,110,15,65,12,7,0,21,17,3,4,259,47,675,0,21,732,14,1051,1051,6471.5,26.0,24.0
226,E01000238,Barnet 034B,E01000238,Barnet 034B,0,5,223,18,95,303,579,389,196,41,16,121,94,61,8,37,1,0,3,6,15,44,100,62,146,178,45,579,114,144,260,673,230,50,3,22,84,56,6,72,10,4,0,28,15,13,17,284,33,956,0,8,479,10,1057,1039,9928.9,13.0,14.0
227,E01000239,Barnet 031A,E01000239,Barnet 031A,0,6,320,63,165,380,359,518,181,25,8,123,103,63,12,35,0,0,8,3,34,126,104,84,142,132,51,359,142,117,215,834,273,67,23,63,99,181,44,186,18,26,0,32,28,40,10,203,67,470,0,34,529,7,1025,1033,4811.8,14.0,19.0
228,E01000240,Barnet 031B,E01000240,Barnet 031B,0,3,197,13,92,320,298,390,135,32,9,153,93,40,11,31,0,0,1,6,8,38,86,107,207,91,50,298,83,148,210,661,233,52,15,36,196,93,74,101,24,16,0,33,27,16,26,123,33,458,0,17,439,11,908,826,3916.9,13.0,14.0
229,E01000241,Barnet 031C,E01000241,Barnet 031C,0,7,219,11,97,367,354,438,143,33,9,114,118,32,7,25,0,0,3,4,22,34,87,56,192,116,67,354,105,119,191,751,168,37,2,33,140,72,31,58,18,9,0,20,13,5,8,263,4,647,0,14,431,19,873,915,5263.5,15.0,8.0
230,E01000242,Barnet 032B,E01000242,Barnet 032B,0,3,211,16,64,302,387,311,145,42,18,61,82,34,3,14,0,0,3,1,12,25,76,67,219,102,35,387,59,149,142,613,179,37,0,4,86,33,29,93,16,12,0,30,6,7,12,189,23,762,0,14,282,2,779,822,5790.2,8.0,4.0
231,E01000243,Barnet 032C,E01000243,Barnet 032C,0,3,347,31,170,350,423,539,216,20,23,117,108,74,19,50,2,0,2,8,36,44,89,58,187,147,62,423,134,141,252,813,265,72,1,30,79,109,9,107,15,10,0,45,27,16,11,218,32,668,0,27,734,25,1111,1052,11785.5,22.0,33.0
232,E01000244,Barnet 032D,E01000244,Barnet 032D,0,4,253,20,98,250,260,377,142,18,11,105,79,57,13,53,0,3,4,8,41,29,53,51,174,158,42,260,86,111,243,624,217,55,10,51,154,122,26,98,31,17,0,28,18,26,12,94,40,408,0,39,450,14,832,806,7325.6,20.0,20.0
233,E01000245,Barnet 032E,E01000245,Barnet 032E,0,6,347,72,180,272,371,425,231,52,6,118,78,111,17,32,1,1,2,4,14,96,125,87,138,149,61,371,171,164,209,635,377,66,13,34,105,145,10,179,54,30,0,36,27,17,22,257,39,516,0,26,526,21,1055,1002,11358.4,20.0,9.0
234,E01000246,Barnet 002B,E01000246,Barnet 002B,0,0,218,11,55,359,267,441,123,23,10,59,67,41,0,7,0,0,0,0,6,18,62,40,299,56,24,267,73,103,180,707,131,33,3,22,79,51,8,23,9,1,0,32,39,11,15,54,21,915,0,42,193,0,792,728,1412.1,6.0,0.0
235,E01000247,Barnet 002C,E01000247,Barnet 002C,0,6,229,27,77,392,326,541,164,21,4,93,70,51,3,11,0,0,0,0,3,32,56,49,198,75,30,326,115,135,226,720,115,29,2,19,85,56,11,42,21,5,0,33,38,11,20,78,5,989,0,71,214,0,871,825,6380.7,6.0,0.0
236,E01000248,Barnet 001A,E01000248,Barnet 001A,0,0,243,11,49,415,311,506,125,22,7,88,94,34,3,6,0,1,0,1,2,33,50,32,319,70,34,311,78,133,148,832,122,44,6,23,40,59,5,36,10,7,0,17,39,13,13,38,2,1122,0,71,202,1,884,819,6288.8,29.0,3.0
237,E01000249,Barnet 001B,E01000249,Barnet 001B,0,0,178,7,51,381,307,426,151,14,7,89,93,40,3,4,0,0,0,0,3,19,48,35,317,55,38,307,62,140,175,761,111,18,2,50,103,48,4,37,5,3,0,20,34,4,4,43,5,1050,0,52,147,0,828,784,1984.3,2.0,1.0
238,E01000250,Barnet 001C,E01000250,Barnet 001C,0,3,405,32,140,565,436,781,231,30,4,110,119,110,9,17,0,0,6,7,18,71,99,86,350,125,78,436,166,225,241,1128,287,49,4,42,105,118,21,211,19,20,0,50,46,28,19,184,11,1262,0,69,393,8,1380,1229,4485.9,28.0,0.0
239,E01000251,Barnet 002D,E01000251,Barnet 002D,0,11,356,71,186,433,418,555,195,20,9,95,109,74,9,16,0,0,1,3,7,107,82,127,277,160,65,418,130,204,249,836,306,55,2,35,117,121,14,323,26,10,0,54,31,23,63,90,5,958,0,65,320,4,1222,1040,10143.5,40.0,8.0
240,E01000252,Barnet 002E,E01000252,Barnet 002E,0,2,250,20,119,402,294,535,127,29,4,101,72,77,4,9,0,1,0,5,4,34,55,44,262,61,53,294,102,147,186,718,183,32,8,28,68,59,19,53,23,11,0,17,29,6,11,81,19,893,1,34,343,13,903,812,7301.0,4.0,4.0
241,E01000253,Barnet 007B,E01000253,Barnet 007B,0,0,179,6,48,477,387,465,193,59,15,103,93,23,5,10,0,1,1,2,5,57,100,51,325,90,44,387,88,181,233,815,193,39,8,28,206,41,39,76,14,7,0,41,27,7,11,103,17,1023,0,147,187,3,1007,974,597.2,6.0,0.0
242,E01000254,Barnet 001D,E01000254,Barnet 001D,0,0,194,4,47,388,289,399,161,22,10,80,88,35,5,8,0,0,0,3,5,19,69,32,310,66,44,289,77,128,133,774,122,34,10,21,53,31,6,27,8,2,0,31,36,18,9,43,6,1109,0,40,152,0,807,793,1047.9,8.0,0.0
243,E01000255,Barnet 017A,E01000255,Barnet 017A,0,0,203,30,104,295,324,417,138,26,12,62,81,35,6,17,0,0,2,3,4,64,95,60,218,136,52,324,94,154,159,642,228,44,14,42,101,109,34,174,33,27,0,29,26,25,13,154,43,666,0,18,182,2,878,822,1591.8,14.0,1.0
244,E01000256,Barnet 016A,E01000256,Barnet 016A,0,1,236,12,48,380,472,443,172,40,12,105,91,47,4,10,0,0,1,0,8,16,101,41,257,108,44,472,103,146,162,748,208,44,11,45,101,106,38,102,125,36,0,22,30,6,8,135,17,753,0,42,345,6,1046,882,3431.2,2.0,0.0
245,E01000257,Barnet 017B,E01000257,Barnet 017B,0,4,276,47,163,423,430,618,198,11,7,104,87,79,3,11,0,1,3,4,4,77,94,65,203,92,53,430,109,164,185,832,274,42,18,74,133,157,12,197,43,16,0,45,37,26,39,191,46,686,0,20,350,1,1105,985,3073.1,44.0,0.0
246,E01000258,Barnet 016B,E01000258,Barnet 016B,0,1,241,36,73,429,328,491,188,39,13,86,96,47,3,7,0,0,0,0,5,59,89,44,318,83,38,328,92,168,174,817,239,37,1,48,87,101,27,79,11,4,0,34,28,46,7,128,13,955,0,60,255,2,946,946,2370.6,17.0,6.0
247,E01000259,Barnet 025D,E01000259,Barnet 025D,0,0,271,22,131,556,552,687,235,31,7,137,114,73,9,13,0,0,2,6,12,59,140,65,343,161,69,552,119,225,269,1094,272,45,33,62,309,207,107,155,41,11,0,64,54,11,25,241,51,786,0,43,431,13,1379,1264,2058.3,15.0,1.0
248,E01000260,Barnet 025E,E01000260,Barnet 025E,0,2,278,21,103,436,465,535,197,38,13,128,118,63,8,32,0,0,1,3,16,52,98,77,217,108,55,465,140,141,241,818,248,58,18,40,207,159,59,214,63,22,0,33,28,18,13,192,29,633,0,31,398,9,1141,1025,2653.4,13.0,3.0
249,E01000261,Barnet 017C,E01000261,Barnet 017C,0,0,208,5,68,397,317,413,123,40,7,69,89,24,7,4,0,0,1,0,5,22,49,44,349,207,43,317,100,196,174,744,163,31,1,100,59,54,25,53,7,3,0,19,43,10,10,138,11,969,0,38,225,0,931,838,1476.5,7.0,0.0
250,E01000263,Barnet 016C,E01000263,Barnet 016C,0,0,130,6,23,342,348,400,117,41,18,75,100,22,1,6,0,0,0,1,3,12,87,28,185,82,23,348,56,134,155,701,90,18,2,18,120,28,24,18,7,5,0,9,12,2,8,121,5,937,0,39,171,0,771,753,3878.4,3.0,0.0
251,E01000264,Barnet 016D,E01000264,Barnet 016D,0,4,250,25,88,349,364,485,183,38,11,129,95,49,7,21,0,0,2,3,7,32,83,63,153,97,46,364,114,125,168,723,228,55,18,35,160,120,44,128,17,13,0,46,29,33,13,128,39,646,8,10,326,12,910,913,4813.8,47.0,5.0
252,E01000265,Barnet 011A,E01000265,Barnet 011A,0,4,269,32,112,354,419,480,193,25,10,92,89,68,6,20,0,0,1,5,7,47,92,59,221,89,72,419,122,141,228,645,233,62,5,26,109,114,28,96,23,9,0,52,23,16,18,125,20,717,0,63,476,2,1009,914,9117.6,6.0,4.0
253,E01000266,Barnet 011B,E01000266,Barnet 011B,0,0,132,4,33,338,260,370,118,35,7,68,72,33,3,14,1,0,0,4,5,16,66,34,273,63,42,260,59,134,166,630,119,29,7,18,148,44,28,17,11,3,0,24,30,8,4,110,1,715,0,58,211,0,722,713,2235.7,6.0,0.0
254,E01000267,Barnet 005A,E01000267,Barnet 005A,0,1,166,10,52,350,274,465,143,22,7,80,98,19,3,15,0,0,0,0,6,27,50,30,224,61,38,274,79,145,193,622,145,31,6,10,160,87,42,45,8,8,0,20,22,15,9,69,8,682,0,70,267,2,796,731,5463.3,4.0,3.0
255,E01000268,Barnet 005B,E01000268,Barnet 005B,0,5,285,28,132,485,423,610,176,26,6,84,78,84,8,14,0,0,0,0,15,61,97,83,217,93,60,423,118,186,220,809,211,49,19,40,136,122,19,161,49,29,0,47,23,33,24,156,24,756,0,45,391,2,1057,1018,8221.1,18.0,0.0
256,E01000269,Barnet 005C,E01000269,Barnet 005C,0,3,179,11,55,299,248,366,138,13,5,68,71,32,4,9,0,0,0,0,5,34,54,35,251,55,45,248,98,130,137,551,155,21,9,21,111,65,18,46,12,5,0,13,27,1,6,66,11,750,0,61,162,4,719,667,5103.1,7.0,0.0
257,E01000270,Barnet 005D,E01000270,Barnet 005D,0,0,211,9,69,345,283,429,121,33,3,81,78,39,5,7,0,1,0,0,4,20,65,48,250,79,37,283,89,143,145,646,155,47,14,27,113,64,19,61,15,15,0,45,29,18,23,105,17,752,0,47,177,5,770,775,6131.0,13.0,2.0
258,E01000271,Barnet 008A,E01000271,Barnet 008A,0,0,209,11,60,333,277,396,131,35,10,93,91,50,2,7,1,0,1,3,3,33,69,47,307,80,35,277,91,152,163,719,170,31,11,39,139,58,6,45,12,3,0,36,36,19,13,128,8,737,0,50,298,1,861,777,4788.1,2.0,1.0
259,E01000272,Barnet 008B,E01000272,Barnet 008B,0,1,119,4,25,349,237,352,108,37,16,51,66,22,2,3,0,0,0,0,6,12,65,41,337,66,10,237,45,112,152,688,159,25,17,31,182,58,20,22,10,7,0,30,17,1,4,98,6,678,0,52,192,0,756,670,3036.6,9.0,1.0
260,E01000273,Barnet 008C,E01000273,Barnet 008C,0,3,241,30,98,370,260,459,139,24,7,76,84,57,3,12,0,0,0,0,3,54,74,49,299,67,34,260,94,124,154,747,211,44,12,26,145,105,13,60,20,17,0,33,36,18,23,149,29,663,0,41,267,12,913,757,5069.8,7.0,2.0
261,E01000274,Barnet 011C,E01000274,Barnet 011C,0,2,257,34,92,313,407,502,194,21,6,93,93,58,9,18,0,0,0,3,16,58,73,54,229,102,60,407,114,185,207,663,255,45,57,34,154,82,21,115,32,16,0,53,24,13,13,100,14,824,2,65,318,2,997,939,7245.5,18.0,3.0
262,E01000275,Barnet 012A,E01000275,Barnet 012A,0,1,208,12,51,394,303,490,135,26,9,73,94,41,2,7,0,0,1,3,8,26,96,49,304,77,31,303,68,123,150,823,190,55,5,62,225,157,16,63,12,8,0,34,25,4,5,151,16,612,0,38,309,2,906,834,5255.2,4.0,2.0
263,E01000276,Barnet 020A,E01000276,Barnet 020A,0,0,122,6,22,347,390,392,123,34,14,59,80,12,3,8,1,1,0,1,1,19,68,35,213,83,27,390,55,97,133,706,110,19,4,36,204,135,27,27,8,3,0,29,33,9,5,155,13,563,0,31,248,4,796,741,2999.2,5.0,0.0
264,E01000277,Barnet 012B,E01000277,Barnet 012B,0,4,262,31,102,345,247,479,135,15,12,66,69,60,9,18,0,2,0,9,13,48,73,59,240,99,34,247,71,102,126,831,187,55,0,56,177,139,43,111,20,16,0,37,27,17,7,142,29,449,0,33,334,14,867,785,8929.7,16.0,4.0
265,E01000278,Barnet 020B,E01000278,Barnet 020B,0,0,144,3,29,327,369,393,108,27,10,58,53,36,1,5,0,0,0,1,2,10,83,25,241,57,26,369,64,93,103,699,99,26,0,45,267,184,34,34,0,0,0,32,44,0,4,100,2,517,0,17,199,1,731,748,5361.4,4.0,0.0
266,E01000279,Barnet 007C,E01000279,Barnet 007C,0,0,140,3,26,339,218,268,110,45,12,76,82,18,1,7,0,0,0,0,4,7,95,44,288,89,34,218,74,136,145,610,118,26,2,35,115,34,6,28,2,1,0,13,23,8,9,77,2,807,0,13,191,3,704,661,270.7,4.0,0.0
267,E01000280,Barnet 007D,E01000280,Barnet 007D,0,0,126,3,29,351,221,328,97,49,10,59,79,18,0,4,0,0,0,0,4,14,74,33,284,63,25,221,39,122,135,682,97,16,20,25,150,85,10,28,4,0,0,28,32,3,7,73,7,665,0,28,170,0,700,634,1315.8,1.0,1.0
268,E01000281,Barnet 008D,E01000281,Barnet 008D,0,0,197,13,81,492,391,690,109,12,5,93,69,44,3,8,0,0,1,0,6,19,69,40,178,51,34,391,70,106,144,878,126,41,9,120,143,92,10,75,5,10,0,28,43,12,35,145,21,667,0,49,318,2,931,858,6645.6,13.0,3.0
269,E01000282,Barnet 008E,E01000282,Barnet 008E,0,0,206,12,58,416,356,530,161,23,11,79,64,48,1,11,2,0,3,4,8,33,82,47,258,89,49,356,76,128,170,815,184,29,15,63,188,115,21,36,8,1,0,34,49,26,4,108,4,780,0,72,276,11,914,894,3419.7,11.0,1.0
270,E01000283,Barnet 012C,E01000283,Barnet 012C,0,0,129,0,31,316,287,329,125,43,9,62,77,29,0,6,0,0,0,0,4,9,60,35,239,59,20,287,46,121,110,689,93,8,17,41,161,67,35,20,11,2,0,12,20,6,6,94,3,649,0,28,206,0,701,670,4148.3,4.0,0.0
271,E01000284,Barnet 012D,E01000284,Barnet 012D,0,6,263,45,104,395,305,544,151,24,11,75,124,63,3,6,0,1,0,1,10,55,75,71,200,86,68,305,115,123,190,708,259,39,8,27,119,141,40,48,15,14,0,55,25,6,15,196,19,591,0,46,431,11,930,876,6543.5,15.0,5.0
272,E01000285,Barnet 004A,E01000285,Barnet 004A,0,3,205,21,77,305,309,407,124,19,5,71,52,45,2,8,1,0,1,2,3,38,70,52,244,57,43,309,95,141,179,520,196,29,23,26,143,90,17,89,21,28,0,33,22,18,30,60,9,725,1,46,130,5,802,713,7486.4,6.0,1.0
273,E01000286,Barnet 007E,E01000286,Barnet 007E,0,3,235,37,118,272,343,460,148,14,4,71,59,52,7,14,0,0,0,0,0,70,73,80,247,78,47,343,111,124,185,550,313,44,10,19,157,95,18,113,25,13,0,21,27,15,19,92,10,831,0,43,203,5,878,839,6378.2,7.0,2.0
274,E01000287,Barnet 004B,E01000287,Barnet 004B,0,1,221,30,114,245,330,401,154,16,4,82,61,37,1,14,1,0,1,2,12,81,83,52,206,93,47,330,125,173,183,444,297,33,7,21,80,73,17,97,13,35,0,26,41,21,30,93,9,852,0,37,172,4,881,748,5963.4,4.0,0.0
275,E01000288,Barnet 004C,E01000288,Barnet 004C,0,1,175,10,72,308,295,453,140,9,7,69,70,42,4,10,0,0,1,1,9,25,59,27,237,92,50,295,101,153,173,575,167,35,16,28,115,101,23,68,20,4,0,43,39,14,12,64,31,696,0,62,208,1,782,766,4587.5,10.0,3.0
276,E01000289,Barnet 004D,E01000289,Barnet 004D,0,2,190,42,125,189,343,353,172,9,4,49,43,71,5,19,0,0,0,1,8,71,78,68,169,118,47,343,143,151,151,404,321,22,16,32,55,99,21,233,25,38,0,25,22,27,27,103,21,626,0,36,162,15,842,741,5629.4,9.0,0.0
277,E01000290,Barnet 007F,E01000290,Barnet 007F,0,2,219,30,109,309,266,394,124,47,10,66,74,35,2,9,0,0,0,0,2,56,82,44,328,83,55,266,97,172,155,521,314,39,13,48,133,73,33,53,14,10,0,28,30,19,15,63,5,860,0,35,193,0,812,809,791.7,3.0,0.0
278,E01000291,Barnet 004E,E01000291,Barnet 004E,0,2,197,47,112,261,321,427,144,14,1,78,58,46,3,11,0,0,1,0,5,88,67,40,165,95,33,321,104,157,192,466,246,43,20,44,94,61,13,176,25,40,0,26,17,20,24,89,12,658,0,37,194,5,799,762,6254.0,9.0,0.0
279,E01000292,Barnet 001E,E01000292,Barnet 001E,0,2,222,12,74,346,270,399,133,13,8,62,64,39,4,5,0,0,1,1,3,20,62,40,355,68,50,270,89,114,176,635,180,28,3,26,114,44,16,49,10,5,0,27,26,18,14,61,25,853,0,43,205,2,785,759,5366.4,9.0,1.0
280,E01000293,Barnet 001F,E01000293,Barnet 001F,0,0,214,14,69,412,304,545,161,22,6,80,76,35,1,14,0,0,3,0,0,23,73,36,301,93,50,304,77,144,187,846,134,31,21,54,135,56,27,49,20,9,0,39,51,12,14,72,8,868,0,78,250,8,946,826,6476.6,6.0,10.0
281,E01000294,Barnet 004F,E01000294,Barnet 004F,0,4,189,32,101,405,321,508,133,17,12,81,72,44,2,11,0,0,3,0,8,96,56,34,339,70,58,321,150,163,169,709,188,54,18,47,94,106,14,56,24,4,0,36,20,18,59,85,13,917,0,58,240,5,935,876,5469.6,19.0,1.0
282,E01000295,Barnet 023B,E01000295,Barnet 023B,0,5,176,16,69,382,274,504,139,25,8,101,82,43,5,11,0,0,1,2,2,38,68,48,198,66,19,274,76,109,153,800,151,33,28,63,189,111,19,24,9,7,0,31,42,12,5,104,14,549,0,53,346,11,846,769,7908.9,10.0,11.0
283,E01000296,Barnet 023C,E01000296,Barnet 023C,0,5,266,22,81,392,320,614,147,16,7,118,81,70,6,13,0,1,0,3,12,30,66,44,166,72,49,320,84,111,161,847,150,61,11,37,121,107,25,70,12,4,0,38,50,12,8,152,18,534,1,18,561,8,921,864,7979.4,24.0,7.0
284,E01000297,Barnet 027D,E01000297,Barnet 027D,0,3,178,11,57,293,259,440,122,15,4,79,73,42,3,13,0,0,2,0,6,35,61,46,158,62,35,259,73,84,149,587,198,37,17,19,266,45,27,54,23,6,0,29,16,12,25,84,19,395,0,26,357,3,742,679,6127.6,7.0,3.0
285,E01000298,Barnet 023D,E01000298,Barnet 023D,0,0,253,18,79,382,309,518,158,19,6,121,77,48,11,12,0,4,3,3,12,27,68,55,184,76,46,309,78,118,149,805,159,45,11,40,195,120,18,45,9,8,0,21,38,5,10,138,17,590,1,33,403,8,874,837,6432.3,19.0,4.0
286,E01000299,Barnet 019A,E01000299,Barnet 019A,0,10,377,41,137,339,430,515,180,31,8,148,109,81,9,18,0,0,1,6,37,72,155,70,243,107,52,430,117,157,179,901,325,58,19,47,236,292,28,93,44,8,0,31,42,17,8,275,28,494,0,80,465,13,1127,1092,13432.2,57.0,5.0
287,E01000300,Barnet 019B,E01000300,Barnet 019B,0,4,223,15,69,367,343,530,136,22,5,76,82,62,5,12,0,0,1,2,3,26,57,40,208,55,31,343,57,105,140,825,138,30,2,67,197,113,21,28,25,11,0,26,45,6,9,117,9,638,6,44,306,0,873,794,9608.1,6.0,4.0
288,E01000301,Barnet 020C,E01000301,Barnet 020C,0,0,156,5,39,330,331,419,95,19,15,76,57,29,2,2,0,1,0,1,0,27,84,31,232,75,22,331,47,85,115,754,104,35,0,54,245,152,9,33,13,1,0,29,48,17,5,104,0,514,0,21,246,1,769,726,5236.4,4.0,1.0
289,E01000302,Barnet 019C,E01000302,Barnet 019C,0,20,268,61,107,382,322,463,137,18,12,100,90,68,2,22,0,0,0,6,4,92,74,93,209,86,46,322,118,129,168,733,238,45,6,52,177,152,27,52,31,15,0,35,39,14,8,190,27,558,0,20,385,11,918,881,8280.3,16.0,3.0
290,E01000303,Barnet 020D,E01000303,Barnet 020D,0,1,155,7,49,322,319,420,118,24,9,75,54,35,4,6,0,0,0,1,4,20,79,44,216,73,30,319,55,103,143,707,123,22,0,60,186,139,23,33,5,6,0,30,32,9,6,175,8,490,0,2,292,6,793,709,6937.6,11.0,3.0
291,E01000304,Barnet 020E,E01000304,Barnet 020E,0,2,177,14,60,348,270,502,135,22,5,91,83,34,3,14,1,0,6,4,8,67,58,43,156,56,37,270,67,79,132,767,172,32,12,39,143,91,17,65,18,7,0,42,31,13,12,106,20,533,4,37,363,5,800,757,8766.9,3.0,8.0
292,E01000305,Barnet 036B,E01000305,Barnet 036B,0,0,235,27,113,276,244,467,133,26,17,104,65,70,15,20,0,1,0,2,16,51,79,71,166,74,51,244,123,96,170,597,273,67,23,24,192,153,84,101,32,19,0,23,30,15,14,100,52,279,0,43,420,12,809,812,2352.3,12.0,6.0
293,E01000306,Barnet 036C,E01000306,Barnet 036C,0,1,251,17,97,254,292,528,159,42,9,180,101,50,10,30,0,0,4,1,5,24,101,102,213,120,76,292,123,134,186,652,449,58,4,30,458,141,44,60,18,6,0,26,15,13,8,121,29,225,0,26,743,7,979,992,13444.7,3.0,10.0
294,E01000307,Barnet 039D,E01000307,Barnet 039D,0,0,205,32,95,222,327,383,145,25,7,90,69,43,14,15,3,0,5,4,5,47,98,81,197,95,48,327,110,130,167,505,304,59,20,52,245,164,37,109,25,11,0,32,21,15,11,129,107,325,0,27,313,6,831,819,3297.4,68.0,17.0
295,E01000308,Barnet 036D,E01000308,Barnet 036D,0,1,296,46,136,480,346,725,221,22,2,101,76,68,10,23,0,1,6,3,4,80,96,85,152,90,53,346,142,138,185,935,261,51,12,65,198,180,49,197,36,33,0,42,38,28,34,115,133,500,0,50,396,2,1112,998,3989.4,17.0,0.0
296,E01000309,Barnet 031D,E01000309,Barnet 031D,0,4,250,20,102,334,400,523,208,16,11,124,94,72,17,27,0,0,3,2,14,69,118,60,191,101,60,400,117,118,174,837,276,69,15,96,184,165,66,117,35,13,0,31,13,14,8,303,55,403,0,14,512,11,1044,1007,7065.1,2.0,16.0
297,E01000310,Barnet 034C,E01000310,Barnet 034C,0,15,298,62,154,316,376,527,165,36,10,130,104,113,27,34,0,0,7,2,17,77,130,94,236,109,66,376,127,159,224,800,344,93,7,61,278,190,82,103,22,9,0,33,34,17,23,176,78,487,0,20,547,27,1079,1115,7194.9,25.0,21.0
298,E01000311,Barnet 034D,E01000311,Barnet 034D,0,6,156,9,50,301,570,300,187,48,12,83,90,29,5,19,0,0,1,0,3,23,79,46,149,126,34,570,53,132,207,600,145,31,8,7,41,51,8,47,3,3,0,14,7,4,1,152,12,1027,0,9,370,8,917,854,5074.5,11.0,7.0
299,E01000312,Barnet 036E,E01000312,Barnet 036E,0,8,262,47,170,234,315,432,159,15,9,129,73,74,9,21,0,0,5,1,7,97,158,68,114,82,73,315,132,127,181,535,366,39,25,88,180,122,45,121,34,18,0,34,22,31,13,74,56,502,1,46,351,8,896,872,12060.0,10.0,1.0
300,E01000313,Barnet 036F,E01000313,Barnet 036F,0,7,266,47,126,265,341,449,190,28,12,137,100,75,12,25,0,1,1,5,9,74,111,76,158,98,48,341,133,138,164,668,341,68,15,46,270,202,78,126,42,28,0,25,6,19,12,129,59,308,0,32,493,11,971,930,8712.2,18.0,16.0
301,E01000314,Barnet 032F,E01000314,Barnet 032F,0,2,287,32,89,370,342,589,203,38,17,143,108,74,13,29,0,1,4,2,18,32,106,86,184,178,47,342,103,181,259,900,261,75,17,97,286,135,40,125,16,9,0,48,22,34,12,164,20,426,0,7,695,13,1120,1046,8632.9,18.0,15.0
302,E01000315,Barnet 022F,E01000315,Barnet 022F,0,4,212,42,132,244,306,374,193,21,8,72,80,69,6,15,0,0,0,1,10,94,92,65,195,101,65,306,121,183,194,472,311,48,21,30,194,101,16,183,46,21,0,29,27,17,29,115,35,600,0,44,185,6,886,813,3361.0,10.0,0.0
303,E01000316,Barnet 027E,E01000316,Barnet 027E,0,1,297,35,141,415,479,618,204,29,23,102,77,79,11,20,0,0,4,1,9,80,119,81,225,129,46,479,147,184,218,876,285,54,23,23,313,143,73,116,44,24,0,42,33,8,37,194,44,618,0,51,497,3,1158,1129,5627.5,30.0,7.0
304,E01000317,Barnet 019D,E01000317,Barnet 019D,0,2,171,25,82,359,317,438,128,16,8,74,69,46,3,9,0,0,0,1,5,40,60,51,234,85,34,317,63,100,147,708,191,25,7,46,176,115,33,42,14,9,0,34,44,13,8,132,12,535,1,44,318,0,834,748,9273.2,5.0,5.0
305,E01000318,Barnet 019E,E01000318,Barnet 019E,0,0,203,13,97,320,369,448,174,34,9,88,89,44,2,13,0,0,0,3,23,25,93,81,314,117,57,369,98,179,186,708,288,42,4,49,392,93,58,59,16,6,0,30,66,9,8,121,149,514,4,42,304,2,1018,906,7069.4,5.0,3.0
306,E01000319,Barnet 027F,E01000319,Barnet 027F,0,0,155,8,46,289,310,394,117,27,4,64,80,43,1,13,0,0,3,1,3,11,40,37,188,64,27,310,55,105,107,639,127,32,8,36,166,37,15,43,8,6,0,25,48,13,8,98,15,577,0,37,262,3,719,683,8817.6,2.0,4.0
307,E01000320,Barnet 011D,E01000320,Barnet 011D,0,1,273,19,86,430,321,585,166,29,7,87,92,44,6,14,0,1,2,1,3,38,87,46,308,95,47,321,79,154,189,890,214,40,8,63,184,106,12,67,22,9,0,29,52,21,13,135,23,747,0,62,377,5,1015,919,8289.8,5.0,3.0
308,E01000321,Barnet 012E,E01000321,Barnet 012E,0,3,264,26,126,410,310,639,153,34,7,120,105,84,3,12,1,0,0,2,9,40,71,91,215,62,41,310,91,137,182,881,272,47,9,68,138,140,11,33,7,3,0,18,36,39,6,109,19,736,2,44,534,8,997,964,11199.3,4.0,15.0
309,E01000322,Barnet 011E,E01000322,Barnet 011E,0,2,253,26,94,428,400,471,166,28,8,78,125,50,7,14,0,0,1,4,11,75,73,35,238,76,59,400,87,128,193,729,213,54,12,56,91,100,40,46,29,15,0,44,48,11,22,104,43,689,1,48,458,1,1014,845,9086.0,13.0,1.0
310,E01000323,Barnet 019F,E01000323,Barnet 019F,0,9,377,52,202,379,371,661,221,33,7,155,99,73,8,15,0,0,2,19,18,98,88,135,260,102,49,371,140,148,211,902,445,101,24,41,188,315,42,90,28,19,0,51,69,24,27,166,24,641,0,55,556,6,1114,1253,11050.4,28.0,8.0
311,E01000324,Barnet 015F,E01000324,Barnet 015F,0,0,215,18,79,339,382,484,188,26,7,100,93,43,9,14,0,0,0,2,3,61,56,47,227,93,55,382,83,168,191,677,237,38,16,29,175,130,25,59,32,3,0,29,43,10,14,128,10,703,6,57,361,1,942,889,6746.5,10.0,5.0
4754,E01033911,Barnet 017E,E01033911,Barnet 017E,0,1,189,8,61,390,370,489,161,38,12,90,97,47,4,13,0,1,1,3,5,30,68,122,234,94,44,370,80,167,197,814,164,39,18,87,192,74,48,88,29,12,0,39,32,23,16,135,30,736,0,38,277,2,951,927,941.4,5.0,1.0
4755,E01033912,Barnet 017F,E01033912,Barnet 017F,0,2,135,16,48,439,444,568,110,27,7,63,75,38,1,11,0,0,0,0,9,31,108,37,71,103,30,444,60,93,125,801,117,33,14,126,132,142,34,152,13,11,0,33,46,27,16,113,48,488,0,12,295,1,879,824,7939.4,3.0,0.0
4756,E01033913,Barnet 024G,E01033913,Barnet 024G,0,5,201,47,125,161,381,270,130,15,11,74,46,76,3,24,0,0,1,9,10,109,90,47,124,111,28,381,118,107,132,432,272,60,12,35,74,180,34,221,33,26,0,23,15,64,15,96,74,301,0,20,300,10,812,717,9526.5,14.0,0.0
4757,E01033914,Barnet 024H,E01033914,Barnet 024H,0,1,229,45,119,203,464,383,190,20,5,94,49,59,7,23,2,0,1,2,10,65,134,67,137,100,43,464,137,145,162,457,350,55,22,58,119,273,25,210,32,40,0,28,16,54,31,116,56,373,0,29,315,15,908,905,12316.6,14.0,2.0
4758,E01033915,Barnet 042A,E01033915,Barnet 042A,0,1,192,46,108,235,451,301,110,8,2,44,63,66,7,14,0,1,0,2,15,75,113,69,29,121,23,451,76,97,130,508,173,30,18,83,64,153,27,194,36,32,0,59,12,23,28,222,58,271,0,7,197,3,783,704,8146.9,1.0,1.0
4759,E01033916,Barnet 042B,E01033916,Barnet 042B,0,4,281,23,103,240,311,420,139,19,11,126,65,66,19,28,0,1,1,3,15,26,107,216,88,126,68,311,127,127,154,563,353,84,10,136,79,159,39,187,20,16,0,37,15,26,9,142,65,255,0,13,564,14,871,915,11882.9,21.0,11.0
4760,E01033917,Barnet 042C,E01033917,Barnet 042C,0,0,247,21,92,342,267,557,109,18,7,72,65,84,9,21,1,0,3,0,7,32,79,62,37,80,38,267,68,89,151,734,108,54,13,118,114,176,22,182,20,14,0,30,19,35,12,116,48,246,0,9,325,9,762,747,46146.8,20.0,0.0
4761,E01033918,Barnet 042D,E01033918,Barnet 042D,0,3,173,29,66,360,204,543,91,14,9,49,44,52,10,44,0,1,2,10,81,44,45,43,36,231,24,204,49,105,259,743,119,50,5,129,171,129,57,182,31,11,0,27,28,27,13,97,42,252,0,17,328,9,815,738,14455.8,19.0,1.0
4762,E01033919,Barnet 042E,E01033919,Barnet 042E,0,3,178,16,59,392,174,554,84,19,8,52,54,59,15,14,0,1,1,3,13,27,78,37,40,80,33,174,55,65,113,749,78,44,9,168,119,133,31,100,20,3,0,43,20,23,8,118,38,180,0,9,276,9,676,635,22681.7,11.0,2.0
4763,E01033920,Barnet 042F,E01033920,Barnet 042F,0,3,168,22,66,381,252,605,109,21,9,80,51,46,11,17,1,0,0,1,9,37,79,49,74,74,20,252,70,74,151,767,146,40,8,186,189,160,43,76,6,5,0,28,14,12,6,105,31,231,0,19,397,7,758,765,9098.0,5.0,1.0
4764,E01033921,Barnet 043A,E01033921,Barnet 043A,0,1,201,17,68,406,372,571,162,22,4,59,64,50,17,13,1,0,2,8,14,28,83,47,36,99,26,372,59,89,162,749,149,53,28,137,166,193,35,190,30,31,0,41,20,28,16,108,69,223,0,21,305,15,867,788,43552.6,8.0,0.0
4765,E01033922,Barnet 043B,E01033922,Barnet 043B,0,3,212,18,67,384,351,637,117,22,8,85,76,49,27,22,1,0,3,5,14,21,101,55,33,84,35,351,74,88,132,783,192,56,29,145,184,273,30,113,22,15,0,49,34,4,12,120,63,218,2,6,386,3,855,853,16712.3,20.0,2.0
4766,E01033923,Barnet 043C,E01033923,Barnet 043C,0,3,222,20,83,261,353,396,145,11,5,84,54,53,10,13,1,0,2,0,13,37,90,78,117,101,36,353,79,121,162,571,182,57,24,80,127,216,125,157,21,24,0,17,22,16,15,119,95,202,0,22,279,4,798,761,16659.6,2.0,0.0
4767,E01033924,Barnet 043D,E01033924,Barnet 043D,0,16,202,54,129,180,352,317,147,12,7,68,68,74,10,17,0,1,1,5,12,89,101,73,93,97,35,352,128,108,145,462,258,55,24,28,111,289,96,171,31,28,0,37,23,14,22,142,43,249,0,20,209,4,772,772,10997.2,27.0,5.0
4768,E01033925,Barnet 043E,E01033925,Barnet 043E,0,4,195,29,79,310,330,502,129,19,5,107,70,48,10,23,0,0,1,6,11,42,88,52,165,124,46,330,85,140,173,641,252,65,23,41,196,223,78,134,26,24,0,45,18,21,21,101,60,284,3,28,404,1,836,896,6282.2,6.0,7.0
